,GPT-5.1,Qwen3.5-4B,Non-enriched
Mean generation time (s),60395.05290544886,1705248.3196442027,
Mean insertion time (ms),1658448.717948718,418188.40579710144,
Mean correct edges / run,47.82051282051282,4.956521739130435,
Mean host CPU (%),124.74299287410928,674.8836866359447,254.04285714285717
Mean host memory (MB),13241.278859857483,13909.542119815667,13569.591964285717
Mean Label Accuracy,3.1363636363636362,2.522727272727273,
Mean Label Clarity,3.3181818181818183,3.1363636363636362,
Mean Explainability,3.2045454545454546,2.409090909090909,
Mean Faithfulness,3.0454545454545454,2.2954545454545454,
