,GPT-5.1,Qwen3.5-4B,Non-enriched
Mean generation time (s),60395.05290544886,1705248.3196442027,
Mean insertion time (ms),1658448.717948718,418188.40579710144,
Mean correct edges / run,47.82051282051282,4.956521739130435,
Mean host CPU (%),124.74299287410928,674.8836866359447,254.04285714285717
Mean host memory (MB),13241.278859857483,13909.542119815667,13569.591964285717
